engine,adapter_kind,workload,durability_profile,dataset_size,iterations,mean_us,p50_us,p95_us,p99_us,throughput_per_s,disk_bytes,checkpoint_us,recovery_us,notes
opheap,embedded-native,small_durable_txn,durable,n/a,200,1550.88,1509.39,2071.03,2145.3,644.796,77498,-1,-1,""
opheap,embedded-native,bulk_load,durable,small,1000,124.756,124.756,124.756,124.756,8015.65,291774,-1,-1,""
opheap,embedded-native,point_read,durable,small,300,60.0019,58.844,67.735,78.223,16666.1,291774,-1,-1,""
opheap,embedded-native,range_scan,durable,small,20,55485.8,55406.6,56043.5,56043.5,18.0226,291774,-1,-1,"equality filter + order-by-seq + limit; no secondary index used"
opheap,embedded-native,checkpoint,durable,small,3,31209.7,30996.3,30996.3,30996.3,32.0413,251722,31209.7,-1,""
opheap,embedded-native,recovery,durable,small,3,6217.69,6001.79,6001.79,6001.79,160.831,251722,-1,6217.69,""
opheap,embedded-native,bulk_load,durable,medium,10000,136.356,136.356,136.356,136.356,7333.72,5319138,-1,-1,""
opheap,embedded-native,point_read,durable,medium,300,74.9051,71.293,96.232,109.381,13350.2,5319138,-1,-1,""
opheap,embedded-native,range_scan,durable,medium,10,805248,803347,806307,806307,1.24185,5319138,-1,-1,"equality filter + order-by-seq + limit; no secondary index used"
opheap,embedded-native,checkpoint,durable,medium,3,293108,303927,303927,303927,3.41171,4919086,293108,-1,""
opheap,embedded-native,recovery,durable,medium,3,59417.6,58272.7,58272.7,58272.7,16.83,4919086,-1,59417.6,""
opheap,embedded-native,bulk_load,durable,large,20000,172.902,172.902,172.902,172.902,5783.63,17008721,-1,-1,""
opheap,embedded-native,point_read,durable,large,300,90.7974,91.925,111.237,119.517,11013.5,17008721,-1,-1,""
opheap,embedded-native,range_scan,durable,large,4,1.82277e+06,1.82043e+06,1.82043e+06,1.82043e+06,0.548614,17008721,-1,-1,"equality filter + order-by-seq + limit; no secondary index used"
opheap,embedded-native,checkpoint,durable,large,3,615190,642780,642780,642780,1.62552,16208669,615190,-1,""
opheap,embedded-native,recovery,durable,large,3,117804,119058,119058,119058,8.48868,16208669,-1,117804,""
opheap,embedded-native,bulk_load_per_row_commit,durable,small,1000,1526.61,1526.61,1526.61,1526.61,655.044,387678,-1,-1,"one commit per row, contrast with bulk_load's single commit"
opheap,embedded-native,mixed_read_write,durable,small,200,296.312,65.678,1403.19,1759.45,3374.82,304596,-1,-1,"80/20 read/write mix"
opheap,embedded-native,small_durable_txn,relaxed,n/a,200,188.801,183.745,218.135,251.228,5296.59,77498,-1,-1,""
opheap,embedded-native,bulk_load,relaxed,small,1000,116.259,116.259,116.259,116.259,8601.45,291774,-1,-1,""
opheap,embedded-native,point_read,relaxed,small,300,60.8683,59.467,69.778,80.349,16428.9,291774,-1,-1,""
opheap,embedded-native,range_scan,relaxed,small,20,59836.2,58755.8,66084.1,66084.1,16.7123,291774,-1,-1,"equality filter + order-by-seq + limit; no secondary index used"
opheap,embedded-native,checkpoint,relaxed,small,3,28418.1,28421.9,28421.9,28421.9,35.1889,251722,28418.1,-1,""
opheap,embedded-native,recovery,relaxed,small,3,6389.35,6187.43,6187.43,6187.43,156.51,251722,-1,6389.35,""
opheap,embedded-native,bulk_load,relaxed,medium,10000,135.823,135.823,135.823,135.823,7362.52,5319138,-1,-1,""
opheap,embedded-native,point_read,relaxed,medium,300,74.8816,68.594,95.81,108.531,13354.4,5319138,-1,-1,""
opheap,embedded-native,range_scan,relaxed,medium,10,811814,809920,815228,815228,1.23181,5319138,-1,-1,"equality filter + order-by-seq + limit; no secondary index used"
opheap,embedded-native,checkpoint,relaxed,medium,3,294356,308882,308882,308882,3.39724,4919086,294356,-1,""
opheap,embedded-native,recovery,relaxed,medium,3,61764,57970.8,57970.8,57970.8,16.1907,4919086,-1,61764,""
opheap,embedded-native,bulk_load,relaxed,large,20000,171.655,171.655,171.655,171.655,5825.63,17008721,-1,-1,""
opheap,embedded-native,point_read,relaxed,large,300,94.1153,95.088,112.299,125.892,10625.3,17008721,-1,-1,""
opheap,embedded-native,range_scan,relaxed,large,4,1.83962e+06,1.83231e+06,1.83231e+06,1.83231e+06,0.543591,17008721,-1,-1,"equality filter + order-by-seq + limit; no secondary index used"
opheap,embedded-native,checkpoint,relaxed,large,3,604993,629767,629767,629767,1.65291,16208669,604993,-1,""
opheap,embedded-native,recovery,relaxed,large,3,118945,119411,119411,119411,8.40724,16208669,-1,118945,""
opheap,embedded-native,bulk_load_per_row_commit,relaxed,small,1000,188.604,188.604,188.604,188.604,5302.11,387678,-1,-1,"one commit per row, contrast with bulk_load's single commit"
opheap,embedded-native,mixed_read_write,relaxed,small,200,93.3687,62.819,236.557,261.267,10710.2,304596,-1,-1,"80/20 read/write mix"
sqlite,embedded-native,small_durable_txn,durable,n/a,200,906.692,847.686,1432.99,1477.47,1102.91,906216,-1,-1,""
sqlite,embedded-native,bulk_load,durable,small,1000,4.61812,4.61812,4.61812,4.61812,216538,152256,-1,-1,""
sqlite,embedded-native,point_read,durable,small,300,7.43466,7.304,7.966,10.731,134505,152256,-1,-1,""
sqlite,embedded-native,range_scan,durable,small,20,361.235,358.628,380.111,380.111,2768.28,152256,-1,-1,"equality filter + order-by-seq + limit; no secondary index used"
sqlite,embedded-native,checkpoint,durable,small,3,397.96,18.399,18.399,18.399,2512.81,139264,397.96,-1,""
sqlite,embedded-native,recovery,durable,small,3,291.092,253.751,253.751,253.751,3435.34,139264,-1,291.092,""
sqlite,embedded-native,bulk_load,durable,medium,10000,2.65748,2.65748,2.65748,2.65748,376296,3608936,-1,-1,""
sqlite,embedded-native,point_read,durable,medium,300,4.90811,5.021,5.403,5.536,203745,3608936,-1,-1,""
sqlite,embedded-native,range_scan,durable,medium,10,8971.78,7413.07,12693,12693,111.461,3608936,-1,-1,"equality filter + order-by-seq + limit; no secondary index used"
sqlite,embedded-native,checkpoint,durable,medium,3,1781.33,12.72,12.72,12.72,561.38,3575808,1781.33,-1,""
sqlite,embedded-native,recovery,durable,medium,3,172.27,139.614,139.614,139.614,5804.83,3575808,-1,172.27,""
sqlite,embedded-native,bulk_load,durable,large,20000,3.97947,3.97947,3.97947,3.97947,251290,29002440,-1,-1,""
sqlite,embedded-native,point_read,durable,large,300,5.52755,5.425,6.104,8.228,180912,29002440,-1,-1,""
sqlite,embedded-native,range_scan,durable,large,4,26106.4,25849.5,25849.5,25849.5,38.3048,29002440,-1,-1,"equality filter + order-by-seq + limit; no secondary index used"
sqlite,embedded-native,checkpoint,durable,large,3,329.546,9.084,9.084,9.084,3034.48,14471168,329.546,-1,""
sqlite,embedded-native,recovery,durable,large,3,149.187,130.28,130.28,130.28,6703.01,14471168,-1,149.187,""
sqlite,embedded-native,bulk_load_per_row_commit,durable,small,1000,896.622,896.622,896.622,896.622,1115.3,4255200,-1,-1,"one commit per row, contrast with bulk_load's single commit"
sqlite,embedded-native,mixed_read_write,durable,small,200,168.457,13.154,974.824,1073.85,5936.25,288216,-1,-1,"80/20 read/write mix"
sqlite,embedded-native,small_durable_txn,relaxed,n/a,200,12.8221,12.369,16.003,20.38,77990.4,906216,-1,-1,""
sqlite,embedded-native,bulk_load,relaxed,small,1000,2.5906,2.5906,2.5906,2.5906,386011,152256,-1,-1,""
sqlite,embedded-native,point_read,relaxed,small,300,4.47159,4.401,4.716,7.241,223634,152256,-1,-1,""
sqlite,embedded-native,range_scan,relaxed,small,20,227.687,223.444,254.836,254.836,4392,152256,-1,-1,"equality filter + order-by-seq + limit; no secondary index used"
sqlite,embedded-native,checkpoint,relaxed,small,3,38.6577,7.02,7.02,7.02,25868.1,139264,38.6577,-1,""
sqlite,embedded-native,recovery,relaxed,small,3,189.064,171.684,171.684,171.684,5289.21,139264,-1,189.064,""
sqlite,embedded-native,bulk_load,relaxed,medium,10000,2.4887,2.4887,2.4887,2.4887,401816,3608936,-1,-1,""
sqlite,embedded-native,point_read,relaxed,medium,300,5.30517,5.353,6.03,8.816,188495,3608936,-1,-1,""
sqlite,embedded-native,range_scan,relaxed,medium,10,7972.66,7518.71,9691.98,9691.98,125.429,3608936,-1,-1,"equality filter + order-by-seq + limit; no secondary index used"
sqlite,embedded-native,checkpoint,relaxed,medium,3,651.939,8.039,8.039,8.039,1533.89,3575808,651.939,-1,""
sqlite,embedded-native,recovery,relaxed,medium,3,147.831,128.202,128.202,128.202,6764.5,3575808,-1,147.831,""
sqlite,embedded-native,bulk_load,relaxed,large,20000,3.0959,3.0959,3.0959,3.0959,323008,29002440,-1,-1,""
sqlite,embedded-native,point_read,relaxed,large,300,5.41586,5.41,5.727,6.431,184643,29002440,-1,-1,""
sqlite,embedded-native,range_scan,relaxed,large,4,14153.2,14054.6,14054.6,14054.6,70.6556,29002440,-1,-1,"equality filter + order-by-seq + limit; no secondary index used"
sqlite,embedded-native,checkpoint,relaxed,large,3,394.773,9.605,9.605,9.605,2533.1,14471168,394.773,-1,""
sqlite,embedded-native,recovery,relaxed,large,3,147.772,123.206,123.206,123.206,6767.17,14471168,-1,147.772,""
sqlite,embedded-native,bulk_load_per_row_commit,relaxed,small,1000,7.59664,7.59664,7.59664,7.59664,131637,4255200,-1,-1,"one commit per row, contrast with bulk_load's single commit"
sqlite,embedded-native,mixed_read_write,relaxed,small,200,5.34778,4.486,8.711,10.406,186993,288216,-1,-1,"80/20 read/write mix"
sqlite_orm,embedded-orm,small_durable_txn,durable,n/a,200,3287.05,3115.45,4340.19,5063.99,304.224,28672,-1,-1,""
sqlite_orm,embedded-orm,bulk_load,durable,small,1000,18.0879,18.0879,18.0879,18.0879,55285.7,106496,-1,-1,""
sqlite_orm,embedded-orm,point_read,durable,small,300,202.703,188.822,243.26,313.763,4933.33,106496,-1,-1,""
sqlite_orm,embedded-orm,range_scan,durable,small,20,693.615,590.268,1155.6,1155.6,1441.72,106496,-1,-1,"equality filter + order-by-seq + limit; no secondary index used"
sqlite_orm,embedded-orm,checkpoint,durable,small,3,299.676,258.446,258.446,258.446,3336.94,106496,299.676,-1,""
sqlite_orm,embedded-orm,recovery,durable,small,3,659.912,600.431,600.431,600.431,1515.35,106496,-1,659.912,""
sqlite_orm,embedded-orm,bulk_load,durable,medium,10000,10.7137,10.7137,10.7137,10.7137,93338.3,3543040,-1,-1,""
sqlite_orm,embedded-orm,point_read,durable,medium,300,202.689,192.827,219.495,283.791,4933.67,3543040,-1,-1,""
sqlite_orm,embedded-orm,range_scan,durable,medium,10,5759.01,5303.15,5824.34,5824.34,173.641,3543040,-1,-1,"equality filter + order-by-seq + limit; no secondary index used"
sqlite_orm,embedded-orm,checkpoint,durable,medium,3,164.056,144.107,144.107,144.107,6095.47,3543040,164.056,-1,""
sqlite_orm,embedded-orm,recovery,durable,medium,3,315.459,295.77,295.77,295.77,3169.98,3543040,-1,315.459,""
sqlite_orm,embedded-orm,bulk_load,durable,large,20000,11.8168,11.8168,11.8168,11.8168,84625.2,14438400,-1,-1,""
sqlite_orm,embedded-orm,point_read,durable,large,300,159.603,147.665,166.375,224.921,6265.53,14438400,-1,-1,""
sqlite_orm,embedded-orm,range_scan,durable,large,4,14411.4,13963.8,13963.8,13963.8,69.3893,14438400,-1,-1,"equality filter + order-by-seq + limit; no secondary index used"
sqlite_orm,embedded-orm,checkpoint,durable,large,3,170.504,141.013,141.013,141.013,5864.95,14438400,170.504,-1,""
sqlite_orm,embedded-orm,recovery,durable,large,3,323.026,302.836,302.836,302.836,3095.72,14438400,-1,323.026,""
sqlite_orm,embedded-orm,bulk_load_per_row_commit,durable,small,1000,3193.04,3193.04,3193.04,3193.04,313.181,106496,-1,-1,"one commit per row, contrast with bulk_load's single commit"
sqlite_orm,embedded-orm,mixed_read_write,durable,small,200,763.289,296.827,2757.81,3219.79,1310.12,106496,-1,-1,"80/20 read/write mix"
sqlite_orm,embedded-orm,small_durable_txn,relaxed,n/a,200,235.404,225.158,287.654,361.4,4248.02,28672,-1,-1,""
sqlite_orm,embedded-orm,bulk_load,relaxed,small,1000,9.60152,9.60152,9.60152,9.60152,104150,106496,-1,-1,""
sqlite_orm,embedded-orm,point_read,relaxed,small,300,212.706,195.149,233.529,278.342,4701.33,106496,-1,-1,""
sqlite_orm,embedded-orm,range_scan,relaxed,small,20,503.794,500.692,518.357,518.357,1984.94,106496,-1,-1,"equality filter + order-by-seq + limit; no secondary index used"
sqlite_orm,embedded-orm,checkpoint,relaxed,small,3,149.311,141.284,141.284,141.284,6697.43,106496,149.311,-1,""
sqlite_orm,embedded-orm,recovery,relaxed,small,3,324.713,306.828,306.828,306.828,3079.64,106496,-1,324.713,""
sqlite_orm,embedded-orm,bulk_load,relaxed,medium,10000,10.0552,10.0552,10.0552,10.0552,99450.8,3543040,-1,-1,""
sqlite_orm,embedded-orm,point_read,relaxed,medium,300,165.424,152.347,187.372,224.876,6045.08,3543040,-1,-1,""
sqlite_orm,embedded-orm,range_scan,relaxed,medium,10,6400.79,6276.64,6523.8,6523.8,156.231,3543040,-1,-1,"equality filter + order-by-seq + limit; no secondary index used"
sqlite_orm,embedded-orm,checkpoint,relaxed,medium,3,167.274,145.981,145.981,145.981,5978.22,3543040,167.274,-1,""
sqlite_orm,embedded-orm,recovery,relaxed,medium,3,332.331,311.416,311.416,311.416,3009.05,3543040,-1,332.331,""
sqlite_orm,embedded-orm,bulk_load,relaxed,large,20000,11.046,11.046,11.046,11.046,90530.3,14438400,-1,-1,""
sqlite_orm,embedded-orm,point_read,relaxed,large,300,172.064,151.477,215.685,401.431,5811.8,14438400,-1,-1,""
sqlite_orm,embedded-orm,range_scan,relaxed,large,4,17760.1,17120.9,17120.9,17120.9,56.306,14438400,-1,-1,"equality filter + order-by-seq + limit; no secondary index used"
sqlite_orm,embedded-orm,checkpoint,relaxed,large,3,184.23,148.366,148.366,148.366,5427.99,14438400,184.23,-1,""
sqlite_orm,embedded-orm,recovery,relaxed,large,3,348.752,328.034,328.034,328.034,2867.36,14438400,-1,348.752,""
sqlite_orm,embedded-orm,bulk_load_per_row_commit,relaxed,small,1000,191.672,191.672,191.672,191.672,5217.24,106496,-1,-1,"one commit per row, contrast with bulk_load's single commit"
sqlite_orm,embedded-orm,mixed_read_write,relaxed,small,200,190.428,171.025,334.423,380.716,5251.33,106496,-1,-1,"80/20 read/write mix"
lmdb,embedded-native,small_durable_txn,durable,n/a,200,829.401,730.799,1358.45,1606.07,1205.69,77824,-1,-1,""
lmdb,embedded-native,bulk_load,durable,small,1000,4.68831,4.68831,4.68831,4.68831,213296,155648,-1,-1,""
lmdb,embedded-native,point_read,durable,small,300,2.47456,2.406,2.684,3.873,404113,155648,-1,-1,""
lmdb,embedded-native,range_scan,durable,small,20,1066.75,1063.97,1084.87,1084.87,937.427,155648,-1,-1,"equality filter + order-by-seq + limit; no secondary index used"
lmdb,embedded-native,checkpoint,durable,small,3,132.134,137.755,137.755,137.755,7568.07,155648,132.134,-1,""
lmdb,embedded-native,recovery,durable,small,3,41.062,33.156,33.156,33.156,24353.4,155648,-1,41.062,""
lmdb,embedded-native,bulk_load,durable,medium,10000,3.41762,3.41762,3.41762,3.41762,292601,4325376,-1,-1,""
lmdb,embedded-native,point_read,durable,medium,300,3.64525,3.123,5.27,12.725,274329,4325376,-1,-1,""
lmdb,embedded-native,range_scan,durable,medium,10,13410.8,12990.3,14374.9,14374.9,74.5669,4325376,-1,-1,"equality filter + order-by-seq + limit; no secondary index used"
lmdb,embedded-native,checkpoint,durable,medium,3,1641.88,96.412,96.412,96.412,609.058,4325376,1641.88,-1,""
lmdb,embedded-native,recovery,durable,medium,3,42.3993,32.361,32.361,32.361,23585.3,4325376,-1,42.3993,""
lmdb,embedded-native,bulk_load,durable,large,20000,4.15103,4.15103,4.15103,4.15103,240904,18776064,-1,-1,""
lmdb,embedded-native,point_read,durable,large,300,4.55132,4.482,6.127,7.806,219717,18776064,-1,-1,""
lmdb,embedded-native,range_scan,durable,large,4,29856.1,29604.7,29604.7,29604.7,33.494,18776064,-1,-1,"equality filter + order-by-seq + limit; no secondary index used"
lmdb,embedded-native,checkpoint,durable,large,3,1641.49,99.645,99.645,99.645,609.204,18776064,1641.49,-1,""
lmdb,embedded-native,recovery,durable,large,3,47.7307,34.409,34.409,34.409,20950.9,18776064,-1,47.7307,""
lmdb,embedded-native,bulk_load_per_row_commit,durable,small,1000,864.38,864.38,864.38,864.38,1156.9,184320,-1,-1,"one commit per row, contrast with bulk_load's single commit"
lmdb,embedded-native,mixed_read_write,durable,small,200,169.773,8.175,1173.43,1288.16,5890.2,184320,-1,-1,"80/20 read/write mix"
lmdb,embedded-native,small_durable_txn,relaxed,n/a,200,13.4776,11.183,20.194,32.434,74197.4,77824,-1,-1,""
lmdb,embedded-native,bulk_load,relaxed,small,1000,5.38898,5.38898,5.38898,5.38898,185564,155648,-1,-1,""
lmdb,embedded-native,point_read,relaxed,small,300,3.87808,3.765,4.353,6.035,257859,155648,-1,-1,""
lmdb,embedded-native,range_scan,relaxed,small,20,1295.43,1102.58,1669.24,1669.24,771.943,155648,-1,-1,"equality filter + order-by-seq + limit; no secondary index used"
lmdb,embedded-native,checkpoint,relaxed,small,3,489.314,60.655,60.655,60.655,2043.68,155648,489.314,-1,""
lmdb,embedded-native,recovery,relaxed,small,3,43.0067,33.015,33.015,33.015,23252.2,155648,-1,43.0067,""
lmdb,embedded-native,bulk_load,relaxed,medium,10000,3.1797,3.1797,3.1797,3.1797,314496,4325376,-1,-1,""
lmdb,embedded-native,point_read,relaxed,medium,300,3.2026,2.948,4.501,5.54,312247,4325376,-1,-1,""
lmdb,embedded-native,range_scan,relaxed,medium,10,12434,12085.2,13341.7,13341.7,80.4246,4325376,-1,-1,"equality filter + order-by-seq + limit; no secondary index used"
lmdb,embedded-native,checkpoint,relaxed,medium,3,2455.28,34.968,34.968,34.968,407.286,4325376,2455.28,-1,""
lmdb,embedded-native,recovery,relaxed,medium,3,39.91,31.588,31.588,31.588,25056.4,4325376,-1,39.91,""
lmdb,embedded-native,bulk_load,relaxed,large,20000,3.5197,3.5197,3.5197,3.5197,284115,18776064,-1,-1,""
lmdb,embedded-native,point_read,relaxed,large,300,4.61179,4.539,6.277,8.361,216836,18776064,-1,-1,""
lmdb,embedded-native,range_scan,relaxed,large,4,28234.1,28215,28215,28215,35.4182,18776064,-1,-1,"equality filter + order-by-seq + limit; no secondary index used"
lmdb,embedded-native,checkpoint,relaxed,large,3,4533.62,45.81,45.81,45.81,220.574,18776064,4533.62,-1,""
lmdb,embedded-native,recovery,relaxed,large,3,40.607,29.66,29.66,29.66,24626.3,18776064,-1,40.607,""
lmdb,embedded-native,bulk_load_per_row_commit,relaxed,small,1000,5.69215,5.69215,5.69215,5.69215,175681,184320,-1,-1,"one commit per row, contrast with bulk_load's single commit"
lmdb,embedded-native,mixed_read_write,relaxed,small,200,3.52506,2.695,7.075,8.912,283683,184320,-1,-1,"80/20 read/write mix"
rocksdb,embedded-native,small_durable_txn,durable,n/a,200,877.046,799.881,1312.63,1561.47,1140.19,66446,-1,-1,""
rocksdb,embedded-native,bulk_load,durable,small,1000,4.36367,4.36367,4.36367,4.36367,229165,158582,-1,-1,""
rocksdb,embedded-native,point_read,durable,small,300,6.17987,5.624,9.832,17.561,161816,158582,-1,-1,""
rocksdb,embedded-native,range_scan,durable,small,20,1542.94,1481.73,1844.95,1844.95,648.113,158582,-1,-1,"equality filter + order-by-seq + limit; no secondary index used"
rocksdb,embedded-native,checkpoint,durable,small,3,2261.88,12.73,12.73,12.73,442.11,156194,2261.88,-1,""
rocksdb,embedded-native,recovery,durable,small,3,12234.9,12494.1,12494.1,12494.1,81.7334,259741,-1,12234.9,""
rocksdb,embedded-native,bulk_load,durable,medium,10000,4.16801,4.16801,4.16801,4.16801,239923,3648530,-1,-1,""
rocksdb,embedded-native,point_read,durable,medium,300,6.72754,6.638,8.503,9.626,148643,3648530,-1,-1,""
rocksdb,embedded-native,range_scan,durable,medium,10,15893.6,15611.5,17023.8,17023.8,62.9186,3648530,-1,-1,"equality filter + order-by-seq + limit; no secondary index used"
rocksdb,embedded-native,checkpoint,durable,medium,3,9753.39,18.636,18.636,18.636,102.528,3587062,9753.39,-1,""
rocksdb,embedded-native,recovery,durable,medium,3,12114.7,11849.6,11849.6,11849.6,82.5446,3690636,-1,12114.7,""
rocksdb,embedded-native,bulk_load,durable,large,20000,5.37448,5.37448,5.37448,5.37448,186065,13630236,-1,-1,""
rocksdb,embedded-native,point_read,durable,large,300,7.25515,6.99,9.353,13.289,137833,13630236,-1,-1,""
rocksdb,embedded-native,range_scan,durable,large,4,32049,31200.4,31200.4,31200.4,31.2022,13630236,-1,-1,"equality filter + order-by-seq + limit; no secondary index used"
rocksdb,embedded-native,checkpoint,durable,large,3,26427.3,18.485,18.485,18.485,37.8397,13572791,26427.3,-1,""
rocksdb,embedded-native,recovery,durable,large,3,14544.7,13559.4,13559.4,13559.4,68.7538,13676350,-1,14544.7,""
rocksdb,embedded-native,bulk_load_per_row_commit,durable,small,1000,892.537,892.537,892.537,892.537,1120.4,177605,-1,-1,"one commit per row, contrast with bulk_load's single commit"
rocksdb,embedded-native,mixed_read_write,durable,small,200,209.198,16.11,1085.01,1552.5,4780.15,163191,-1,-1,"80/20 read/write mix"
rocksdb,embedded-native,small_durable_txn,relaxed,n/a,200,9.50121,8.902,12.745,18.497,105250,66446,-1,-1,""
rocksdb,embedded-native,bulk_load,relaxed,small,1000,3.92277,3.92277,3.92277,3.92277,254922,158582,-1,-1,""
rocksdb,embedded-native,point_read,relaxed,small,300,5.76251,5.373,8.091,12.046,173535,158582,-1,-1,""
rocksdb,embedded-native,range_scan,relaxed,small,20,1503.63,1486.88,1578.71,1578.71,665.058,158582,-1,-1,"equality filter + order-by-seq + limit; no secondary index used"
rocksdb,embedded-native,checkpoint,relaxed,small,3,1527.38,8.865,8.865,8.865,654.714,156194,1527.38,-1,""
rocksdb,embedded-native,recovery,relaxed,small,3,11440.1,11377,11377,11377,87.4116,259741,-1,11440.1,""
rocksdb,embedded-native,bulk_load,relaxed,medium,10000,4.89716,4.89716,4.89716,4.89716,204200,3648530,-1,-1,""
rocksdb,embedded-native,point_read,relaxed,medium,300,6.72222,6.542,8.363,11.493,148760,3648530,-1,-1,""
rocksdb,embedded-native,range_scan,relaxed,medium,10,16133.5,15574.6,16132.7,16132.7,61.9829,3648530,-1,-1,"equality filter + order-by-seq + limit; no secondary index used"
rocksdb,embedded-native,checkpoint,relaxed,medium,3,7522.26,24.748,24.748,24.748,132.939,3587062,7522.26,-1,""
rocksdb,embedded-native,recovery,relaxed,medium,3,11592.4,11402.8,11402.8,11402.8,86.2632,3690636,-1,11592.4,""
rocksdb,embedded-native,bulk_load,relaxed,large,20000,5.02979,5.02979,5.02979,5.02979,198815,13630236,-1,-1,""
rocksdb,embedded-native,point_read,relaxed,large,300,6.73414,6.64,8.282,9.018,148497,13630236,-1,-1,""
rocksdb,embedded-native,range_scan,relaxed,large,4,33731.1,32881.1,32881.1,32881.1,29.6462,13630236,-1,-1,"equality filter + order-by-seq + limit; no secondary index used"
rocksdb,embedded-native,checkpoint,relaxed,large,3,19543.2,17.659,17.659,17.659,51.1686,13572791,19543.2,-1,""
rocksdb,embedded-native,recovery,relaxed,large,3,11037.3,10902.4,10902.4,10902.4,90.6018,13676350,-1,11037.3,""
rocksdb,embedded-native,bulk_load_per_row_commit,relaxed,small,1000,10.5085,10.5085,10.5085,10.5085,95161.3,177605,-1,-1,"one commit per row, contrast with bulk_load's single commit"
rocksdb,embedded-native,mixed_read_write,relaxed,small,200,6.90482,5.513,13.219,20.105,144826,163191,-1,-1,"80/20 read/write mix"
